date,open,high,low,close,volume
2021-08-23,3.105,3.196,3.102,3.195,246691228.0
2021-08-24,3.195,3.247,3.169,3.225,207494500.0
2021-08-25,3.225,3.244,3.193,3.241,133965100.0
2021-08-26,3.247,3.261,3.161,3.164,156674748.0
2021-08-27,3.16,3.197,3.141,3.158,143773535.0
2021-08-30,3.17,3.214,3.147,3.164,168855175.0
2021-08-31,3.163,3.168,3.086,3.106,195114152.0
2021-09-01,3.11,3.124,3.035,3.094,209544901.0
2021-09-02,3.08,3.097,3.039,3.046,194799838.0
2021-09-03,3.046,3.071,2.996,3.01,228797179.0
2021-09-06,3.012,3.13,2.993,3.129,288687323.0
2021-09-07,3.113,3.159,3.107,3.147,200785162.0
2021-09-08,3.152,3.18,3.115,3.123,133978408.0
2021-09-09,3.116,3.145,3.076,3.126,166283300.0
2021-09-10,3.113,3.145,3.089,3.135,138505154.0
2021-09-13,3.127,3.156,3.085,3.095,154726681.0
2021-09-14,3.094,3.174,3.085,3.14,195953276.0
2021-09-15,3.122,3.133,3.088,3.105,149915164.0
2021-09-16,3.103,3.103,3.032,3.035,155375565.0
2021-09-17,3.027,3.101,3.026,3.097,135898658.0
2021-09-22,3.057,3.1,3.051,3.068,129937867.0
2021-09-23,3.087,3.111,3.059,3.086,128892500.0
2021-09-24,3.077,3.147,3.071,3.109,220295893.0
2021-09-27,3.119,3.177,3.111,3.13,172280400.0
2021-09-28,3.118,3.17,3.102,3.114,132080949.0
2021-09-29,3.095,3.109,3.067,3.083,128649391.0
2021-09-30,3.088,3.155,3.084,3.148,168196320.0
2021-10-08,3.169,3.186,3.125,3.138,146534774.0
2021-10-11,3.147,3.156,3.092,3.096,123880621.0
2021-10-12,3.081,3.102,3.013,3.042,191120000.0
2021-10-13,3.04,3.11,3.04,3.109,160197174.0
2021-10-14,3.1,3.138,3.1,3.112,141220171.0
2021-10-15,3.11,3.18,3.088,3.176,148862000.0
2021-10-18,3.178,3.185,3.128,3.172,136330880.0
2021-10-19,3.18,3.208,3.168,3.191,115987412.0
2021-10-20,3.19,3.215,3.172,3.185,99612866.0
2021-10-21,3.188,3.2,3.155,3.174,84781520.0
2021-10-22,3.184,3.205,3.166,3.185,127467698.0
2021-10-25,3.182,3.237,3.182,3.236,116805756.0
2021-10-26,3.256,3.262,3.217,3.221,110950879.0
2021-10-27,3.221,3.221,3.182,3.205,85248602.0
2021-10-28,3.196,3.232,3.163,3.178,129880004.0
2021-10-29,3.186,3.25,3.151,3.249,162236957.0
2021-11-01,3.245,3.268,3.201,3.224,121975751.0
2021-11-02,3.227,3.266,3.205,3.228,130108238.0
2021-11-03,3.213,3.26,3.198,3.222,119039178.0
2021-11-04,3.233,3.275,3.233,3.26,115115318.0
2021-11-05,3.243,3.276,3.243,3.248,98630686.0
2021-11-08,3.24,3.287,3.234,3.278,106448868.0
2021-11-09,3.278,3.302,3.269,3.3,97771700.0
2021-11-10,3.287,3.3,3.236,3.296,144468143.0
2021-11-11,3.284,3.333,3.279,3.324,92895009.0
2021-11-12,3.318,3.335,3.3,3.324,91083967.0
2021-11-15,3.324,3.329,3.284,3.295,109479113.0
2021-11-16,3.292,3.315,3.28,3.282,99175252.0
2021-11-17,3.284,3.319,3.284,3.317,87741977.0
2021-11-18,3.305,3.308,3.268,3.274,135334985.0
2021-11-19,3.273,3.315,3.271,3.313,119882902.0
2021-11-22,3.322,3.395,3.314,3.393,138369244.0
2021-11-23,3.392,3.402,3.371,3.38,87442886.0
2021-11-24,3.381,3.392,3.357,3.362,90530953.0
2021-11-25,3.366,3.386,3.353,3.368,112002348.0
2021-11-26,3.367,3.39,3.35,3.364,64330753.0
2021-11-29,3.345,3.411,3.338,3.389,147854308.0
2021-11-30,3.395,3.408,3.364,3.386,131532105.0
2021-12-01,3.377,3.389,3.352,3.365,78513012.0
2021-12-02,3.354,3.375,3.346,3.355,71581205.0
2021-12-03,3.355,3.372,3.34,3.37,91855800.0
2021-12-06,3.354,3.368,3.293,3.294,135542200.0
2021-12-07,3.314,3.317,3.235,3.266,132836201.0
2021-12-08,3.266,3.32,3.266,3.314,113979509.0
2021-12-09,3.304,3.353,3.29,3.353,129892631.0
2021-12-10,3.335,3.377,3.324,3.37,79556660.0
2021-12-13,3.362,3.4,3.347,3.389,103787369.0
2021-12-14,3.37,3.396,3.37,3.384,77658739.0
2021-12-15,3.382,3.411,3.355,3.355,80333029.0
2021-12-16,3.361,3.384,3.357,3.378,74455876.0
2021-12-17,3.376,3.376,3.32,3.328,91741172.0
2021-12-20,3.322,3.328,3.218,3.225,181023473.0
2021-12-21,3.227,3.25,3.204,3.247,160419213.0
2021-12-22,3.249,3.273,3.248,3.26,95584871.0
2021-12-23,3.269,3.282,3.252,3.269,74430254.0
2021-12-24,3.268,3.275,3.181,3.196,118251170.0
2021-12-27,3.183,3.212,3.173,3.19,102621485.0
2021-12-28,3.193,3.229,3.178,3.226,142547829.0
2021-12-29,3.216,3.218,3.176,3.182,141497166.0
2021-12-30,3.18,3.233,3.176,3.219,194025382.0
2021-12-31,3.231,3.247,3.207,3.218,113567219.0
2022-01-04,3.236,3.242,3.14,3.154,132940778.0
2022-01-05,3.151,3.151,3.049,3.064,332667600.0
2022-01-06,3.043,3.054,2.999,3.034,394002193.0
2022-01-07,3.035,3.046,2.998,3.003,253289843.0
2022-01-10,3.0,3.018,2.958,2.998,256393952.0
2022-01-11,2.998,3.008,2.956,2.96,246058037.0
2022-01-12,2.984,3.039,2.984,3.035,339832167.0
2022-01-13,3.042,3.043,2.988,2.99,216175660.0
2022-01-14,2.975,3.027,2.967,3.015,210134515.0
2022-01-17,3.0,3.075,3.0,3.068,188036945.0
2022-01-18,3.057,3.075,3.038,3.047,163349259.0
2022-01-19,3.036,3.047,2.958,2.985,314388568.0
2022-01-20,2.973,3.002,2.962,2.975,180663593.0
2022-01-21,2.957,2.973,2.927,2.941,269310659.0
2022-01-24,2.929,2.972,2.924,2.962,237572197.0
2022-01-25,2.94,2.961,2.881,2.881,286977900.0
2022-01-26,2.893,2.914,2.86,2.906,229204561.0
2022-01-27,2.889,2.904,2.813,2.815,402578800.0
2022-01-28,2.848,2.869,2.794,2.819,305307391.0
2022-02-07,2.87,2.891,2.815,2.83,257569780.0
2022-02-08,2.826,2.826,2.697,2.758,454017488.0
2022-02-09,2.749,2.797,2.729,2.791,275942849.0
2022-02-10,2.794,2.8,2.711,2.74,370924390.0
2022-02-11,2.715,2.725,2.655,2.66,434959916.0
2022-02-14,2.648,2.687,2.626,2.646,394346335.0
2022-02-15,2.653,2.728,2.653,2.726,468559630.0
2022-02-16,2.733,2.75,2.718,2.725,314085732.0
2022-02-17,2.716,2.768,2.705,2.744,336006986.0
2022-02-18,2.727,2.74,2.713,2.739,249115500.0
2022-02-21,2.739,2.747,2.706,2.713,244861857.0
2022-02-22,2.689,2.692,2.656,2.678,373309353.0
2022-02-23,2.683,2.754,2.68,2.754,363213958.0
2022-02-24,2.721,2.759,2.662,2.693,469738049.0
2022-02-25,2.732,2.79,2.732,2.763,417152100.0
2022-02-28,2.763,2.787,2.741,2.786,297335100.0
2022-03-01,2.8,2.814,2.772,2.795,297158989.0
2022-03-02,2.777,2.777,2.721,2.741,323906960.0
2022-03-03,2.76,2.761,2.701,2.704,355783500.0
2022-03-04,2.681,2.71,2.652,2.662,421568753.0
2022-03-07,2.641,2.642,2.535,2.543,657431081.0
2022-03-08,2.54,2.568,2.486,2.507,823474261.0
2022-03-09,2.515,2.526,2.388,2.483,1000329680.0
2022-03-10,2.552,2.578,2.525,2.547,937142180.0
2022-03-11,2.502,2.585,2.484,2.583,574145449.0
2022-03-14,2.547,2.564,2.489,2.49,500412898.0
2022-03-15,2.455,2.54,2.421,2.421,720371101.0
2022-03-16,2.46,2.557,2.4,2.552,1118256150.0
2022-03-17,2.595,2.674,2.59,2.624,981918041.0
2022-03-18,2.61,2.642,2.582,2.635,407462114.0
2022-03-21,2.639,2.666,2.614,2.636,459004012.0
2022-03-22,2.623,2.626,2.589,2.602,304342630.0
2022-03-23,2.619,2.639,2.597,2.629,344175155.0
2022-03-24,2.605,2.638,2.571,2.62,434296027.0
2022-03-25,2.612,2.627,2.559,2.565,508855361.0
2022-03-28,2.54,2.545,2.494,2.512,545915442.0
2022-03-29,2.517,2.548,2.499,2.511,413883198.0
2022-03-30,2.527,2.61,2.524,2.61,544344827.0
2022-03-31,2.595,2.6,2.563,2.574,390435400.0
2022-04-01,2.55,2.599,2.548,2.58,421010194.0
2022-04-06,2.566,2.577,2.533,2.55,353504268.0
2022-04-07,2.535,2.547,2.495,2.496,442818632.0
2022-04-08,2.496,2.525,2.467,2.491,346638970.0
2022-04-11,2.46,2.465,2.378,2.386,605010321.0
2022-04-12,2.386,2.442,2.381,2.44,471392786.0
2022-04-13,2.418,2.433,2.391,2.394,478173706.0
2022-04-14,2.42,2.43,2.365,2.389,757305712.0
2022-04-15,2.36,2.406,2.339,2.385,522694074.0
2022-04-18,2.361,2.413,2.335,2.412,538176438.0
2022-04-19,2.398,2.43,2.368,2.377,438886235.0
2022-04-20,2.376,2.376,2.284,2.288,818080224.0
2022-04-21,2.27,2.304,2.227,2.24,655445194.0
2022-04-22,2.221,2.252,2.207,2.225,594208581.0
2022-04-25,2.177,2.192,2.103,2.103,1044159500.0
2022-04-26,2.103,2.15,2.083,2.086,1020151680.0
2022-04-27,2.066,2.2,2.057,2.2,1365175127.0
2022-04-28,2.172,2.194,2.138,2.158,778832322.0
2022-04-29,2.166,2.25,2.152,2.244,838179927.0
2022-05-05,2.2,2.244,2.174,2.212,765492397.0
2022-05-06,2.16,2.203,2.148,2.177,733627028.0
2022-05-09,2.165,2.194,2.145,2.162,327422055.0
2022-05-10,2.136,2.217,2.121,2.204,637878072.0
2022-05-11,2.206,2.323,2.203,2.272,1284483079.0
2022-05-12,2.256,2.295,2.251,2.277,611513015.0
2022-05-13,2.29,2.298,2.26,2.285,433217044.0
2022-05-16,2.295,2.319,2.256,2.257,460000370.0
2022-05-17,2.256,2.297,2.249,2.293,340268036.0
2022-05-18,2.291,2.31,2.277,2.29,297727959.0
2022-05-19,2.255,2.306,2.255,2.306,394460793.0
2022-05-20,2.317,2.352,2.31,2.347,384367482.0
2022-05-23,2.347,2.348,2.313,2.332,300704631.0
2022-05-24,2.331,2.331,2.246,2.246,571083102.0
2022-05-25,2.246,2.26,2.233,2.253,445035331.0
2022-05-26,2.254,2.271,2.212,2.249,496380206.0
2022-05-27,2.268,2.304,2.238,2.251,463126679.0
2022-05-30,2.262,2.289,2.252,2.276,359269334.0
2022-05-31,2.276,2.338,2.251,2.334,396981527.0
2022-06-01,2.333,2.366,2.321,2.354,413110272.0
2022-06-02,2.341,2.389,2.336,2.386,327388405.0
2022-06-06,2.38,2.483,2.379,2.477,465679666.0
2022-06-07,2.474,2.498,2.457,2.478,316063541.0
2022-06-08,2.477,2.498,2.433,2.494,392041028.0
2022-06-09,2.477,2.487,2.419,2.423,332064328.0
2022-06-10,2.408,2.481,2.404,2.48,314443000.0
2022-06-13,2.458,2.488,2.448,2.469,279982947.0
2022-06-14,2.443,2.48,2.388,2.475,420423193.0
2022-06-15,2.476,2.554,2.473,2.497,504100200.0
2022-06-16,2.498,2.539,2.494,2.507,365609738.0
2022-06-17,2.482,2.588,2.482,2.584,463346492.0
2022-06-20,2.59,2.661,2.588,2.626,434266350.0
2022-06-21,2.626,2.643,2.586,2.615,343337748.0
2022-06-22,2.614,2.642,2.595,2.596,337790527.0
2022-06-23,2.601,2.68,2.594,2.68,333311072.0
2022-06-24,2.697,2.74,2.678,2.738,344323264.0
2022-06-27,2.751,2.78,2.735,2.741,351170751.0
2022-06-28,2.739,2.767,2.69,2.754,301968582.0
2022-06-29,2.734,2.76,2.68,2.683,418819644.0
2022-06-30,2.689,2.751,2.689,2.73,385120220.0
2022-07-01,2.728,2.738,2.687,2.699,373317705.0
2022-07-04,2.682,2.75,2.663,2.75,422454210.0
2022-07-05,2.758,2.784,2.701,2.739,319075511.0
2022-07-06,2.734,2.773,2.694,2.725,355301270.0
2022-07-07,2.721,2.77,2.709,2.769,297701836.0
2022-07-08,2.779,2.803,2.727,2.731,341026117.0
2022-07-11,2.729,2.729,2.661,2.69,331205323.0
2022-07-12,2.682,2.692,2.618,2.622,366684792.0
2022-07-13,2.628,2.681,2.595,2.665,403435902.0
2022-07-14,2.653,2.758,2.649,2.735,402201800.0
2022-07-15,2.729,2.755,2.68,2.68,317926973.0
2022-07-18,2.685,2.732,2.657,2.717,295954600.0
2022-07-19,2.715,2.715,2.658,2.67,317931400.0
2022-07-20,2.682,2.706,2.674,2.68,211530200.0
2022-07-21,2.674,2.712,2.66,2.67,240085000.0
2022-07-22,2.694,2.706,2.635,2.651,273100619.0
2022-07-25,2.647,2.657,2.615,2.629,268891671.0
2022-07-26,2.628,2.65,2.603,2.634,296400018.0
2022-07-27,2.629,2.65,2.616,2.637,248050857.0
2022-07-28,2.653,2.669,2.624,2.629,280331287.0
2022-07-29,2.633,2.639,2.588,2.594,324833381.0
2022-08-01,2.58,2.657,2.562,2.657,296644973.0
2022-08-02,2.627,2.637,2.575,2.605,361887470.0
2022-08-03,2.613,2.637,2.545,2.553,294159628.0
2022-08-04,2.56,2.578,2.536,2.565,273721862.0
2022-08-05,2.566,2.61,2.561,2.606,297501062.0
2022-08-08,2.588,2.602,2.571,2.596,225592800.0
2022-08-09,2.596,2.62,2.58,2.614,181719600.0
2022-08-10,2.606,2.614,2.57,2.579,201743400.0
2022-08-11,2.59,2.647,2.572,2.647,292071500.0
2022-08-12,2.633,2.639,2.611,2.613,239229451.0
2022-08-15,2.606,2.654,2.606,2.638,214185308.0
2022-08-16,2.639,2.679,2.638,2.652,211315398.0
2022-08-17,2.653,2.702,2.639,2.695,251215347.0
2022-08-18,2.687,2.713,2.682,2.693,194603868.0
2022-08-19,2.693,2.698,2.652,2.653,192544050.0
2022-08-22,2.65,2.701,2.634,2.699,241175642.0
2022-08-23,2.69,2.719,2.683,2.697,204361915.0
2022-08-24,2.714,2.721,2.597,2.6,386985175.0
2022-08-25,2.604,2.615,2.558,2.59,254645316.0
2022-08-26,2.581,2.598,2.556,2.566,227227088.0
2022-08-29,2.541,2.564,2.525,2.553,227397300.0
2022-08-30,2.551,2.555,2.52,2.538,221382633.0
2022-08-31,2.525,2.537,2.474,2.491,329722217.0
2022-09-01,2.487,2.508,2.457,2.463,294973900.0
2022-09-02,2.466,2.48,2.443,2.461,349020510.0
2022-09-05,2.454,2.479,2.445,2.467,299676600.0
2022-09-06,2.466,2.47,2.42,2.468,466526847.0
2022-09-07,2.45,2.509,2.443,2.493,385939505.0
2022-09-08,2.494,2.496,2.445,2.448,344796853.0
2022-09-09,2.453,2.477,2.449,2.476,269631054.0
2022-09-13,2.485,2.494,2.46,2.475,203552560.0
2022-09-14,2.445,2.454,2.415,2.431,270649466.0
2022-09-15,2.431,2.438,2.336,2.349,455643405.0
2022-09-16,2.341,2.356,2.297,2.297,483345501.0
2022-09-19,2.292,2.318,2.27,2.285,399160704.0
2022-09-20,2.295,2.327,2.285,2.297,360217200.0
2022-09-21,2.284,2.289,2.256,2.265,521184289.0
2022-09-22,2.25,2.28,2.236,2.252,367288984.0
2022-09-23,2.245,2.268,2.209,2.239,531741668.0
2022-09-26,2.226,2.288,2.22,2.253,528002975.0
2022-09-27,2.258,2.306,2.258,2.306,478844429.0
2022-09-28,2.294,2.3,2.248,2.249,464719960.0
2022-09-29,2.269,2.288,2.251,2.267,407569326.0
2022-09-30,2.259,2.276,2.219,2.221,437156367.0
2022-10-10,2.219,2.232,2.166,2.166,417162707.0
2022-10-11,2.183,2.206,2.176,2.192,394014249.0
2022-10-12,2.191,2.275,2.169,2.274,739272978.0
2022-10-13,2.255,2.305,2.252,2.282,596260779.0
2022-10-14,2.315,2.38,2.297,2.365,667115977.0
2022-10-17,2.349,2.375,2.333,2.362,389871512.0
2022-10-18,2.38,2.397,2.355,2.373,450961167.0
2022-10-19,2.366,2.39,2.351,2.355,402415044.0
2022-10-20,2.34,2.375,2.296,2.337,667018698.0
2022-10-21,2.337,2.342,2.31,2.321,442915341.0
2022-10-24,2.323,2.348,2.253,2.266,771540769.0
2022-10-25,2.252,2.279,2.214,2.241,666103065.0
2022-10-26,2.251,2.329,2.251,2.302,671957850.0
2022-10-27,2.319,2.32,2.265,2.265,530353994.0
2022-10-28,2.247,2.259,2.179,2.187,732198550.0
2022-10-31,2.166,2.231,2.164,2.202,682884200.0
2022-11-01,2.208,2.275,2.186,2.275,762556902.0
2022-11-02,2.261,2.325,2.256,2.305,721461496.0
2022-11-03,2.283,2.316,2.283,2.309,629229171.0
2022-11-04,2.307,2.394,2.304,2.383,686859859.0
2022-11-07,2.372,2.4,2.36,2.379,543151468.0
2022-11-08,2.379,2.386,2.341,2.363,492218900.0
2022-11-09,2.356,2.362,2.326,2.326,508981025.0
2022-11-10,2.313,2.321,2.276,2.288,738973167.0
2022-11-11,2.4,2.4,2.33,2.33,1030188096.0
2022-11-14,2.333,2.345,2.296,2.302,573687099.0
2022-11-15,2.297,2.362,2.287,2.361,690063941.0
2022-11-16,2.359,2.372,2.327,2.33,566352602.0
2022-11-17,2.322,2.322,2.281,2.316,629681585.0
2022-11-18,2.317,2.348,2.312,2.315,743979880.0
2022-11-21,2.298,2.32,2.291,2.319,381540553.0
2022-11-22,2.312,2.316,2.263,2.273,598290264.0
2022-11-23,2.269,2.288,2.233,2.269,582687305.0
2022-11-24,2.276,2.289,2.262,2.264,317976523.0
2022-11-25,2.261,2.261,2.238,2.242,340945898.0
2022-11-28,2.203,2.235,2.197,2.233,487088584.0
2022-11-29,2.233,2.28,2.228,2.268,647587855.0
2022-11-30,2.266,2.277,2.255,2.265,444986589.0
2022-12-01,2.312,2.332,2.308,2.311,620519705.0
2022-12-02,2.31,2.339,2.302,2.316,438405490.0
2022-12-05,2.327,2.334,2.298,2.313,761532495.0
2022-12-06,2.301,2.346,2.299,2.319,493991600.0
2022-12-07,2.311,2.359,2.308,2.343,745058214.0
2022-12-08,2.337,2.351,2.326,2.338,304336619.0
2022-12-09,2.337,2.353,2.323,2.348,358337153.0
2022-12-12,2.342,2.348,2.33,2.333,388162334.0
2022-12-13,2.334,2.336,2.303,2.305,362350429.0
2022-12-14,2.309,2.32,2.293,2.299,333566215.0
2022-12-15,2.299,2.33,2.295,2.326,435106195.0
2022-12-16,2.312,2.319,2.291,2.298,396639029.0
2022-12-19,2.304,2.317,2.267,2.274,447690442.0
2022-12-20,2.27,2.271,2.242,2.243,408480751.0
2022-12-21,2.244,2.253,2.225,2.24,339057832.0
2022-12-22,2.249,2.259,2.221,2.235,406770275.0
2022-12-23,2.216,2.236,2.207,2.222,436246900.0
2022-12-26,2.224,2.265,2.222,2.262,571469455.0
2022-12-27,2.268,2.295,2.256,2.293,565056044.0
2022-12-28,2.278,2.281,2.257,2.267,426917279.0
2022-12-29,2.255,2.295,2.252,2.277,439087769.0
2022-12-30,2.287,2.298,2.278,2.279,380227663.0
2023-01-03,2.267,2.293,2.246,2.289,415435034.0
2023-01-04,2.28,2.283,2.255,2.267,364283220.0
2023-01-05,2.276,2.334,2.274,2.33,660398898.0
2023-01-06,2.321,2.368,2.315,2.35,496565430.0
2023-01-09,2.361,2.382,2.356,2.365,319507271.0
2023-01-10,2.365,2.406,2.36,2.401,376398322.0
2023-01-11,2.401,2.409,2.369,2.374,292322728.0
2023-01-12,2.383,2.404,2.375,2.382,347597313.0
2023-01-13,2.397,2.417,2.388,2.417,379220161.0
2023-01-16,2.421,2.492,2.417,2.462,515887314.0
2023-01-17,2.465,2.483,2.46,2.47,246206514.0
2023-01-18,2.479,2.482,2.457,2.468,264109350.0
2023-01-19,2.465,2.498,2.454,2.496,301661804.0
2023-01-20,2.505,2.518,2.495,2.507,400846024.0
2023-01-30,2.577,2.579,2.532,2.533,568397682.0
2023-01-31,2.533,2.543,2.497,2.507,374504768.0
2023-02-01,2.516,2.538,2.495,2.537,463857096.0
2023-02-02,2.544,2.554,2.519,2.524,311955363.0
2023-02-03,2.515,2.527,2.475,2.5,463220984.0
2023-02-06,2.486,2.486,2.449,2.468,424024224.0
2023-02-07,2.474,2.482,2.445,2.461,396782526.0
2023-02-08,2.466,2.475,2.445,2.447,392946861.0
2023-02-09,2.444,2.496,2.44,2.493,473029358.0
2023-02-10,2.493,2.494,2.455,2.465,426409795.0
2023-02-13,2.463,2.502,2.463,2.495,400301131.0
2023-02-14,2.502,2.508,2.475,2.49,270949848.0
2023-02-15,2.488,2.498,2.466,2.468,275920364.0
2023-02-16,2.473,2.491,2.422,2.436,440439397.0
2023-02-17,2.433,2.439,2.375,2.378,594946763.0
2023-02-20,2.372,2.409,2.353,2.403,533365951.0
2023-02-21,2.401,2.407,2.378,2.395,378099800.0
2023-02-22,2.385,2.399,2.372,2.377,342061627.0
2023-02-23,2.379,2.398,2.374,2.385,384925671.0
2023-02-24,2.388,2.39,2.354,2.357,493528769.0
2023-02-27,2.347,2.362,2.333,2.34,505281300.0
2023-02-28,2.35,2.362,2.334,2.359,476687944.0
2023-03-01,2.358,2.378,2.344,2.372,641239839.0
2023-03-02,2.368,2.371,2.341,2.347,504645348.0
2023-03-03,2.353,2.362,2.332,2.352,563211585.0
2023-03-06,2.356,2.365,2.32,2.361,773804802.0
2023-03-07,2.354,2.359,2.311,2.312,895696416.0
2023-03-08,2.303,2.319,2.296,2.308,761173623.0
2023-03-09,2.309,2.316,2.296,2.303,694805094.0
2023-03-10,2.295,2.318,2.284,2.3,992962972.0
2023-03-13,2.295,2.306,2.276,2.287,1019589999.0
2023-03-14,2.285,2.287,2.238,2.276,1167430139.0
2023-03-15,2.285,2.303,2.266,2.268,1018744045.0
2023-03-16,2.257,2.265,2.23,2.233,1283576520.0
2023-03-17,2.248,2.252,2.221,2.228,1648031449.0
2023-03-20,2.229,2.25,2.213,2.226,1592100923.0
2023-03-21,2.233,2.266,2.232,2.265,1625921035.0
2023-03-22,2.27,2.286,2.26,2.27,1437067121.0
2023-03-23,2.262,2.288,2.259,2.288,862696993.0
2023-03-24,2.292,2.3,2.282,2.297,848559409.0
2023-03-27,2.293,2.325,2.29,2.323,1204912351.0
2023-03-28,2.322,2.322,2.293,2.298,617310942.0
2023-03-29,2.3,2.309,2.294,2.297,558502747.0
2023-03-30,2.3,2.313,2.29,2.313,565199458.0
2023-03-31,2.321,2.328,2.314,2.327,680843545.0
2023-04-03,2.327,2.37,2.327,2.366,1109615298.0
2023-04-04,2.366,2.367,2.336,2.35,776431390.0
2023-04-06,2.334,2.355,2.331,2.354,548706855.0
2023-04-07,2.351,2.38,2.347,2.369,568429137.0
2023-04-10,2.379,2.385,2.358,2.368,826441010.0
2023-04-11,2.367,2.386,2.351,2.362,505805374.0
2023-04-12,2.364,2.364,2.342,2.353,535620949.0
2023-04-13,2.345,2.352,2.332,2.332,441531604.0
2023-04-14,2.342,2.356,2.336,2.355,533887158.0
2023-04-17,2.354,2.366,2.348,2.364,422975200.0
2023-04-18,2.362,2.372,2.35,2.354,468656041.0
2023-04-19,2.356,2.356,2.338,2.339,309091279.0
2023-04-20,2.337,2.338,2.304,2.314,543487388.0
2023-04-21,2.318,2.326,2.268,2.269,691772625.0
2023-04-24,2.267,2.269,2.22,2.234,729423712.0
2023-04-25,2.236,2.241,2.178,2.193,1360845153.0
2023-04-26,2.187,2.238,2.184,2.226,1108303693.0
2023-04-27,2.219,2.247,2.215,2.24,459020843.0
2023-04-28,2.247,2.26,2.236,2.255,413314576.0
2023-05-04,2.253,2.253,2.224,2.23,384566957.0
2023-05-05,2.228,2.23,2.194,2.202,525795107.0
2023-05-08,2.21,2.214,2.188,2.213,776158104.0
2023-05-09,2.209,2.211,2.179,2.18,808962924.0
2023-05-10,2.176,2.21,2.166,2.199,1177438087.0
2023-05-11,2.201,2.229,2.2,2.211,831426855.0
2023-05-12,2.211,2.22,2.185,2.185,598689306.0
2023-05-15,2.192,2.235,2.19,2.234,691640344.0
2023-05-16,2.242,2.244,2.222,2.228,625001008.0
2023-05-17,2.23,2.236,2.217,2.229,622135261.0
2023-05-18,2.233,2.237,2.198,2.215,767041872.0
2023-05-19,2.212,2.229,2.206,2.215,447228331.0
2023-05-22,2.216,2.227,2.201,2.214,517290300.0
2023-05-23,2.216,2.218,2.186,2.187,693364445.0
2023-05-24,2.181,2.204,2.175,2.183,739504663.0
2023-05-25,2.179,2.194,2.166,2.184,812696688.0
2023-05-26,2.183,2.183,2.153,2.167,918184107.0
2023-05-29,2.171,2.177,2.136,2.143,712522485.0
2023-05-30,2.139,2.157,2.12,2.155,724969316.0
2023-05-31,2.149,2.153,2.125,2.131,849879478.0
2023-06-01,2.133,2.163,2.127,2.148,882644949.0
2023-06-02,2.156,2.179,2.152,2.175,787976875.0
2023-06-05,2.173,2.173,2.138,2.143,867213847.0
2023-06-06,2.14,2.141,2.102,2.106,901203189.0
2023-06-07,2.105,2.106,2.069,2.075,935942912.0
2023-06-08,2.075,2.083,2.064,2.071,936815159.0
2023-06-09,2.073,2.086,2.064,2.086,874565924.0
2023-06-12,2.08,2.106,2.076,2.095,759590789.0
2023-06-13,2.093,2.113,2.09,2.111,705803363.0
2023-06-14,2.115,2.121,2.106,2.106,682405991.0
2023-06-15,2.114,2.18,2.114,2.179,1894513924.0
2023-06-16,2.185,2.215,2.178,2.208,1071432329.0
2023-06-19,2.211,2.219,2.201,2.207,736784304.0
2023-06-20,2.203,2.22,2.199,2.21,579583067.0
2023-06-21,2.206,2.208,2.155,2.156,717516575.0
2023-06-26,2.14,2.158,2.118,2.133,692530200.0
2023-06-27,2.133,2.151,2.124,2.138,595913585.0
2023-06-28,2.134,2.135,2.107,2.126,646705709.0
2023-06-29,2.121,2.139,2.121,2.129,377461400.0
2023-06-30,2.126,2.174,2.118,2.164,1009143576.0
2023-07-03,2.168,2.185,2.16,2.171,558298527.0
2023-07-04,2.169,2.178,2.161,2.174,430654335.0
2023-07-05,2.176,2.182,2.152,2.156,397849000.0
2023-07-06,2.15,2.163,2.133,2.137,597872373.0
2023-07-07,2.13,2.132,2.116,2.118,474277941.0
2023-07-10,2.127,2.158,2.126,2.145,582323452.0
2023-07-11,2.147,2.162,2.138,2.161,370678896.0
2023-07-12,2.162,2.163,2.138,2.139,435312827.0
2023-07-13,2.151,2.182,2.151,2.182,634177956.0
2023-07-14,2.184,2.187,2.167,2.169,519181764.0
2023-07-17,2.163,2.164,2.142,2.152,364269795.0
2023-07-18,2.155,2.159,2.143,2.147,446288874.0
2023-07-19,2.145,2.148,2.117,2.125,679578094.0
2023-07-20,2.129,2.145,2.098,2.103,853623459.0
2023-07-21,2.1,2.123,2.097,2.11,537540301.0
2023-07-24,2.1,2.114,2.088,2.09,624224979.0
2023-07-25,2.123,2.14,2.113,2.136,934957464.0
2023-07-26,2.13,2.138,2.125,2.135,683781717.0
2023-07-27,2.14,2.15,2.125,2.129,494127457.0
2023-07-28,2.12,2.169,2.117,2.163,936686482.0
2023-07-31,2.172,2.199,2.172,2.182,660965287.0
2023-08-01,2.18,2.192,2.161,2.168,486445986.0
2023-08-02,2.166,2.177,2.158,2.164,406098632.0
2023-08-03,2.158,2.187,2.158,2.187,445575312.0
2023-08-04,2.21,2.225,2.19,2.204,886747451.0
2023-08-07,2.198,2.201,2.179,2.185,595173894.0
2023-08-08,2.183,2.19,2.171,2.177,526421685.0
2023-08-09,2.17,2.185,2.169,2.174,411631166.0
2023-08-10,2.173,2.186,2.165,2.184,473737627.0
2023-08-11,2.187,2.187,2.129,2.129,702368727.0
2023-08-14,2.112,2.115,2.087,2.113,765851696.0
2023-08-15,2.112,2.116,2.078,2.096,641605873.0
2023-08-16,2.085,2.102,2.08,2.082,467057983.0
2023-08-17,2.078,2.099,2.061,2.094,756313144.0
2023-08-18,2.09,2.101,2.064,2.065,622647459.0
2023-08-21,2.061,2.061,2.033,2.035,687195028.0
2023-08-22,2.043,2.05,1.998,2.038,1146018577.0
2023-08-23,2.023,2.028,1.984,1.987,905667448.0
2023-08-24,1.995,2.031,1.99,2.014,991409796.0
2023-08-25,2.0,2.007,1.982,1.991,682777133.0
2023-08-28,2.136,2.136,2.003,2.01,1312341802.0
2023-08-29,2.002,2.08,2.0,2.067,1096027917.0
2023-08-30,2.064,2.088,2.057,2.066,658646718.0
2023-08-31,2.062,2.064,2.048,2.052,409895941.0
2023-09-01,2.058,2.068,2.04,2.049,388520505.0
2023-09-04,2.058,2.069,2.038,2.067,679968051.0
2023-09-05,2.06,2.069,2.055,2.057,435085200.0
2023-09-06,2.05,2.053,2.037,2.049,448124258.0
2023-09-07,2.043,2.043,2.003,2.003,625392618.0
2023-09-08,2.0,2.005,1.987,1.998,469066896.0
2023-09-11,2.0,2.025,1.99,2.011,584037929.0
2023-09-12,2.007,2.012,1.997,1.998,426593799.0
2023-09-13,1.995,2.002,1.964,1.974,734514100.0
2023-09-14,1.969,1.974,1.952,1.96,705540431.0
2023-09-15,1.962,1.972,1.946,1.954,896520762.0
2023-09-18,1.951,1.982,1.946,1.968,772908104.0
2023-09-19,1.966,1.967,1.945,1.952,688245182.0
2023-09-20,1.947,1.952,1.935,1.936,549262359.0
2023-09-21,1.93,1.94,1.917,1.917,559424890.0
2023-09-22,1.913,1.964,1.911,1.964,974501148.0
2023-09-25,1.955,1.963,1.949,1.953,476078192.0
2023-09-26,1.951,1.958,1.938,1.938,454845902.0
2023-09-27,1.935,1.977,1.935,1.956,791895321.0
2023-09-28,1.958,1.968,1.945,1.953,496048624.0
2023-10-09,1.95,1.956,1.928,1.947,580112721.0
2023-10-10,1.954,1.962,1.936,1.938,458517775.0
2023-10-11,1.945,1.969,1.945,1.954,578796016.0
2023-10-12,1.969,1.971,1.951,1.968,509939716.0
2023-10-13,1.954,1.956,1.936,1.945,570836227.0
2023-10-16,1.945,1.947,1.9,1.906,771927807.0
2023-10-17,1.91,1.919,1.9,1.912,415257707.0
2023-10-18,1.906,1.906,1.885,1.887,578109825.0
2023-10-19,1.878,1.887,1.864,1.867,717269767.0
2023-10-20,1.86,1.874,1.845,1.85,734415500.0
2023-10-23,1.845,1.845,1.806,1.815,951548155.0
2023-10-24,1.818,1.842,1.812,1.832,847443361.0
2023-10-25,1.844,1.848,1.814,1.815,904460724.0
2023-10-26,1.802,1.83,1.793,1.829,846244015.0
2023-10-27,1.82,1.888,1.816,1.881,1323508741.0
2023-10-30,1.874,1.933,1.874,1.926,1482883041.0
2023-10-31,1.92,1.923,1.907,1.916,461418314.0
2023-11-01,1.921,1.923,1.899,1.908,435475245.0
2023-11-02,1.912,1.922,1.889,1.89,481502647.0
2023-11-03,1.894,1.925,1.894,1.918,625522007.0
2023-11-06,1.93,1.982,1.93,1.981,1073307431.0
2023-11-07,1.974,1.98,1.96,1.967,694565756.0
2023-11-08,1.964,1.983,1.957,1.971,696777573.0
2023-11-09,1.968,1.983,1.961,1.967,576008578.0
2023-11-10,1.958,1.96,1.948,1.955,505557927.0
2023-11-13,1.965,1.97,1.945,1.958,508384042.0
2023-11-14,1.957,1.973,1.943,1.953,599259509.0
2023-11-15,1.98,1.983,1.956,1.963,651342175.0
2023-11-16,1.961,1.962,1.925,1.925,742839749.0
2023-11-17,1.92,1.935,1.918,1.934,369854251.0
2023-11-20,1.934,1.947,1.918,1.942,602010387.0
2023-11-21,1.949,1.962,1.928,1.931,759957242.0
2023-11-22,1.923,1.93,1.899,1.899,773629987.0
2023-11-23,1.898,1.912,1.891,1.911,508292678.0
2023-11-24,1.908,1.91,1.885,1.888,547588358.0
2023-11-27,1.883,1.886,1.868,1.878,479283610.0
2023-11-28,1.874,1.89,1.87,1.89,404416755.0
2023-11-29,1.886,1.888,1.867,1.867,450992537.0
2023-11-30,1.869,1.884,1.863,1.874,446459400.0
2023-12-01,1.873,1.887,1.856,1.881,631200711.0
2023-12-04,1.878,1.88,1.858,1.858,656821120.0
2023-12-05,1.854,1.857,1.822,1.823,733446934.0
2023-12-06,1.818,1.85,1.816,1.834,535123528.0
2023-12-07,1.828,1.841,1.817,1.829,502106061.0
2023-12-08,1.831,1.848,1.823,1.843,491846206.0
2023-12-11,1.836,1.872,1.819,1.868,967030082.0
2023-12-12,1.861,1.865,1.851,1.856,0
2023-12-13,1.85,1.85,1.822,1.822,694101415.0
2023-12-14,1.833,1.846,1.812,1.812,0
2023-12-15,1.82,1.83,1.795,1.802,0
2023-12-18,1.792,1.799,1.767,1.773,663673250.0
2023-12-19,1.771,1.791,1.767,1.781,663599408.0
2023-12-20,1.783,1.787,1.755,1.755,743595696.0
2023-12-21,1.749,1.794,1.747,1.787,965993397.0
2023-12-22,1.779,1.801,1.766,1.78,884137215.0
2023-12-25,1.777,1.791,1.772,1.783,570330401.0
2023-12-26,1.78,1.781,1.753,1.761,818580114.0
2023-12-27,1.762,1.771,1.75,1.763,653687815.0
2023-12-28,1.761,1.84,1.757,1.833,1588449099.0
2023-12-29,1.828,1.848,1.827,1.842,749327441.0
2024-01-02,1.842,1.842,1.806,1.806,708913360.0
2024-01-03,1.802,1.809,1.778,1.787,788716184.0
2024-01-04,1.783,1.786,1.748,1.754,1075385099.0
2024-01-05,1.751,1.768,1.72,1.728,1180603065.0
2024-01-08,1.724,1.734,1.698,1.699,1242198954.0
2024-01-09,1.702,1.729,1.691,1.706,1256151656.0
2024-01-10,1.696,1.726,1.681,1.698,1106678416.0
2024-01-11,1.694,1.744,1.694,1.732,1370393609.0
2024-01-12,1.722,1.739,1.713,1.714,1012545700.0
2024-01-15,1.702,1.72,1.692,1.698,851791011.0
2024-01-16,1.692,1.709,1.679,1.708,1284760475.0
2024-01-17,1.7,1.7,1.653,1.656,1265337918.0
2024-01-18,1.643,1.69,1.635,1.683,1688088523.0
2024-01-19,1.675,1.697,1.669,1.669,1486453132.0
2024-01-22,1.663,1.67,1.612,1.623,1302284360.0
2024-01-23,1.62,1.656,1.612,1.642,1408814153.0
2024-01-24,1.65,1.657,1.599,1.65,1502149290.0
2024-01-25,1.641,1.676,1.628,1.675,1785198899.0
2024-01-26,1.665,1.67,1.633,1.637,1396533540.0
2024-01-29,1.638,1.643,1.58,1.58,1686528696.0
2024-01-30,1.57,1.589,1.541,1.544,1595555816.0
2024-01-31,1.544,1.56,1.53,1.533,1866133206.0
2024-02-01,1.527,1.574,1.522,1.548,1981325768.0
2024-02-02,1.546,1.554,1.471,1.508,2553627718.0
2024-02-05,1.491,1.56,1.444,1.527,6284794220.0
2024-02-06,1.508,1.624,1.502,1.623,3688075091.0
2024-02-07,1.622,1.666,1.614,1.66,4361891060.0
2024-02-08,1.67,1.718,1.669,1.681,2560367620.0
2024-02-19,1.704,1.707,1.675,1.697,2281919883.0
2024-02-20,1.688,1.701,1.676,1.696,1332943721.0
2024-02-21,1.681,1.736,1.676,1.703,1237167433.0
2024-02-22,1.7,1.714,1.694,1.71,960793958.0
2024-02-23,1.717,1.719,1.695,1.709,839875547.0
2024-02-26,1.706,1.72,1.69,1.704,1231141476.0
2024-02-27,1.696,1.746,1.694,1.746,1214852778.0
2024-02-28,1.749,1.78,1.701,1.701,1864987538.0
2024-02-29,1.696,1.762,1.693,1.761,1424778162.0
2024-03-01,1.757,1.781,1.746,1.775,1288194720.0
2024-03-04,1.773,1.796,1.767,1.783,962685627.0
2024-03-05,1.771,1.794,1.765,1.78,3446431998.0
2024-03-06,1.773,1.805,1.761,1.782,1500724206.0
2024-03-07,1.779,1.788,1.74,1.742,1219475363.0
2024-03-08,1.745,1.763,1.73,1.756,822748925.0
2024-03-11,1.76,1.84,1.76,1.84,2012724290.0
2024-03-12,1.845,1.863,1.832,1.851,1113893870.0
2024-03-13,1.854,1.859,1.838,1.841,893689364.0
2024-03-14,1.841,1.86,1.818,1.832,827895132.0
2024-03-15,1.825,1.836,1.796,1.833,1076474699.0
2024-03-18,1.85,1.875,1.848,1.875,1421189585.0
2024-03-19,1.87,1.873,1.852,1.853,790305384.0
2024-03-20,1.848,1.862,1.844,1.856,617123607.0
2024-03-21,1.86,1.868,1.844,1.846,710884938.0
2024-03-22,1.843,1.844,1.808,1.817,1066712085.0
2024-03-25,1.809,1.819,1.781,1.781,1158324590.0
2024-03-26,1.782,1.805,1.777,1.792,1014158890.0
2024-03-27,1.787,1.788,1.741,1.742,759903151.0
2024-03-28,1.74,1.778,1.738,1.758,739077416.0
2024-03-29,1.756,1.773,1.75,1.768,598869727.0
2024-04-01,1.78,1.822,1.78,1.822,883013533.0
2024-04-02,1.822,1.822,1.801,1.808,640194903.0
2024-04-03,1.804,1.804,1.789,1.79,460926972.0
2024-04-08,1.785,1.789,1.756,1.758,539691331.0
2024-04-09,1.759,1.778,1.752,1.777,486469617.0
2024-04-10,1.774,1.774,1.731,1.739,900005281.0
2024-04-11,1.725,1.752,1.725,1.731,724619007.0
2024-04-12,1.73,1.74,1.711,1.713,725132373.0
2024-04-15,1.712,1.757,1.712,1.746,1135792622.0
2024-04-16,1.74,1.742,1.709,1.713,756146236.0
2024-04-17,1.718,1.748,1.718,1.747,631105956.0
2024-04-18,1.739,1.759,1.717,1.738,723180629.0
2024-04-19,1.725,1.728,1.692,1.705,843747450.0
2024-04-22,1.695,1.718,1.687,1.703,511959306.0
2024-04-23,1.708,1.716,1.693,1.705,477287894.0
2024-04-24,1.709,1.72,1.696,1.719,544465144.0
2024-04-25,1.71,1.73,1.7,1.716,591638977.0
2024-04-26,1.717,1.777,1.717,1.774,1045562882.0
2024-04-29,1.78,1.854,1.78,1.837,1233080828.0
2024-04-30,1.837,1.837,1.816,1.816,715833999.0
2024-05-06,1.852,1.863,1.846,1.853,869089056.0
2024-05-07,1.851,1.857,1.844,1.85,555116244.0
2024-05-08,1.847,1.847,1.82,1.821,592679800.0
2024-05-09,1.828,1.86,1.828,1.856,759364800.0
2024-05-10,1.858,1.859,1.829,1.84,634573290.0
2024-05-13,1.819,1.835,1.808,1.817,550642700.0
2024-05-14,1.821,1.831,1.809,1.813,513724454.0
2024-05-15,1.814,1.823,1.795,1.797,639722365.0
2024-05-16,1.806,1.819,1.794,1.801,659468880.0
2024-05-17,1.795,1.825,1.791,1.824,708980647.0
2024-05-20,1.828,1.844,1.823,1.831,823089781.0
2024-05-21,1.826,1.831,1.813,1.818,450842056.0
2024-05-22,1.819,1.842,1.814,1.839,743467414.0
2024-05-23,1.837,1.837,1.807,1.811,659988869.0
2024-05-24,1.804,1.821,1.778,1.781,682831899.0
2024-05-27,1.784,1.793,1.762,1.792,621923869.0
2024-05-28,1.784,1.789,1.766,1.769,423728843.0
2024-05-29,1.768,1.793,1.765,1.772,681760700.0
2024-05-30,1.772,1.783,1.767,1.777,457519100.0
2024-05-31,1.781,1.794,1.77,1.772,519931443.0
2024-06-03,1.769,1.786,1.764,1.782,553437146.0
2024-06-04,1.778,1.812,1.777,1.806,745020494.0
2024-06-05,1.805,1.821,1.796,1.796,529841662.0
2024-06-06,1.804,1.808,1.778,1.785,657750919.0
2024-06-07,1.784,1.786,1.729,1.748,1001784458.0
2024-06-11,1.735,1.757,1.727,1.752,603465510.0
2024-06-12,1.746,1.754,1.742,1.743,394380200.0
2024-06-13,1.752,1.766,1.741,1.742,724504200.0
2024-06-14,1.745,1.762,1.726,1.756,648735541.0
2024-06-17,1.746,1.775,1.743,1.768,608888400.0
2024-06-18,1.769,1.785,1.766,1.776,492435065.0
2024-06-19,1.781,1.783,1.752,1.753,630364710.0
2024-06-20,1.75,1.758,1.727,1.728,594462010.0
2024-06-21,1.725,1.729,1.709,1.723,606289500.0
2024-06-24,1.711,1.721,1.693,1.696,735995842.0
2024-06-25,1.694,1.698,1.657,1.666,888854570.0
2024-06-26,1.665,1.7,1.662,1.699,766865883.0
2024-06-27,1.689,1.689,1.669,1.67,721433264.0
2024-06-28,1.665,1.688,1.647,1.652,756079060.0
2024-07-01,1.648,1.658,1.621,1.65,868099709.0
2024-07-02,1.643,1.652,1.627,1.633,692631751.0
2024-07-03,1.633,1.645,1.616,1.629,741643774.0
2024-07-04,1.633,1.643,1.615,1.616,716873865.0
2024-07-05,1.615,1.63,1.601,1.623,813820537.0
2024-07-08,1.615,1.62,1.592,1.596,793613042.0
2024-07-09,1.594,1.629,1.584,1.62,1100880992.0
2024-07-10,1.609,1.636,1.608,1.618,776889000.0
2024-07-11,1.64,1.664,1.627,1.654,965745652.0
2024-07-12,1.648,1.661,1.64,1.653,833284352.0
2024-07-15,1.644,1.648,1.633,1.64,791256244.0
2024-07-16,1.638,1.665,1.637,1.664,875855545.0
2024-07-17,1.66,1.674,1.653,1.663,783429981.0
2024-07-18,1.653,1.687,1.649,1.686,2080696228.0
2024-07-19,1.673,1.699,1.672,1.692,1470068545.0
2024-07-22,1.693,1.702,1.679,1.693,772695673.0
2024-07-23,1.691,1.691,1.639,1.64,760674858.0
2024-07-24,1.634,1.651,1.614,1.619,671540405.0
2024-07-25,1.61,1.627,1.607,1.614,564990756.0
2024-07-26,1.617,1.638,1.615,1.627,750258059.0
2024-07-29,1.622,1.623,1.603,1.604,572442768.0
2024-07-30,1.6,1.607,1.591,1.601,610603538.0
2024-07-31,1.594,1.658,1.592,1.658,1432051900.0
2024-08-01,1.659,1.663,1.631,1.636,903043900.0
2024-08-02,1.621,1.639,1.604,1.609,1119024276.0
2024-08-05,1.592,1.625,1.576,1.576,1257983773.0
2024-08-06,1.594,1.607,1.581,1.597,893255174.0
2024-08-07,1.593,1.601,1.587,1.589,688750762.0
2024-08-08,1.582,1.599,1.568,1.582,893844578.0
2024-08-09,1.59,1.598,1.566,1.566,819608200.0
2024-08-12,1.566,1.572,1.558,1.563,646270400.0
2024-08-13,1.562,1.578,1.558,1.578,763605725.0
2024-08-14,1.575,1.576,1.554,1.555,879850384.0
2024-08-15,1.551,1.579,1.55,1.565,1380274479.0
2024-08-16,1.564,1.573,1.558,1.561,655459444.0
2024-08-19,1.56,1.577,1.557,1.559,794377400.0
2024-08-20,1.561,1.562,1.536,1.539,936758543.0
2024-08-21,1.532,1.543,1.527,1.529,734193701.0
2024-08-22,1.53,1.534,1.515,1.516,855591700.0
2024-08-23,1.512,1.526,1.509,1.517,1209725805.0
2024-08-26,1.517,1.528,1.511,1.515,705268982.0
2024-08-27,1.511,1.512,1.497,1.5,795111890.0
2024-08-28,1.499,1.505,1.494,1.501,788319730.0
2024-08-29,1.488,1.522,1.484,1.513,1840128965.0
2024-08-30,1.511,1.571,1.511,1.552,2067004415.0
2024-09-02,1.547,1.552,1.506,1.507,1586730030.0
2024-09-03,1.504,1.532,1.503,1.525,1101524700.0
2024-09-04,1.512,1.54,1.51,1.525,978509626.0
2024-09-05,1.525,1.546,1.524,1.536,862451200.0
2024-09-06,1.535,1.538,1.508,1.508,989684600.0
2024-09-09,1.5,1.519,1.498,1.513,1813528856.0
2024-09-10,1.514,1.524,1.495,1.512,1541258816.0
2024-09-11,1.51,1.534,1.507,1.528,1435229316.0
2024-09-12,1.536,1.549,1.521,1.525,1261776253.0
2024-09-13,1.525,1.528,1.508,1.509,878423707.0
2024-09-18,1.505,1.513,1.494,1.504,965714800.0
2024-09-19,1.511,1.537,1.492,1.519,1839423710.0
2024-09-20,1.516,1.517,1.498,1.508,2092058400.0
2024-09-23,1.507,1.52,1.5,1.501,1303535933.0
2024-09-24,1.515,1.588,1.504,1.587,3337729544.0
2024-09-25,1.621,1.649,1.609,1.61,2673008266.0
2024-09-26,1.604,1.686,1.595,1.686,2844215463.0
2024-09-27,1.713,1.89,1.713,1.86,5612598482.0
2024-09-30,2.0,2.232,1.928,2.232,6977214473.0
2024-10-08,2.678,2.678,2.29,2.678,18567726532.0
2024-10-09,2.41,2.478,2.238,2.242,16461881315.0
2024-10-10,2.241,2.297,2.137,2.174,8062551631.0
2024-10-11,2.134,2.152,2.026,2.06,7299528756.0
2024-10-14,2.078,2.124,2.022,2.116,5700479873.0
2024-10-15,2.094,2.135,2.045,2.045,4378476181.0
2024-10-16,2.001,2.044,1.989,2.0,3815133051.0
2024-10-17,2.019,2.042,1.993,1.995,3136105541.0
2024-10-18,1.986,2.256,1.986,2.156,8169588546.0
2024-10-21,2.162,2.225,2.139,2.167,5290536333.0
2024-10-22,2.158,2.186,2.139,2.175,2731476861.0
2024-10-23,2.166,2.211,2.145,2.162,3045440403.0
2024-10-24,2.149,2.161,2.126,2.132,1999647292.0
2024-10-25,2.147,2.236,2.138,2.196,4185661608.0
2024-10-28,2.193,2.193,2.158,2.188,2035712102.0
2024-10-29,2.191,2.198,2.133,2.135,2679460409.0
2024-10-30,2.119,2.138,2.086,2.111,2306501650.0
2024-10-31,2.105,2.164,2.09,2.122,3127668969.0
2024-11-01,2.104,2.125,2.08,2.084,0
2024-11-04,2.081,2.146,2.08,2.145,2083738600.0
2024-11-05,2.144,2.258,2.13,2.249,5248183767.0
2024-11-06,2.249,2.316,2.202,2.223,4598609726.0
2024-11-07,2.202,2.306,2.198,2.306,3602781575.0
2024-11-08,2.355,2.365,2.274,2.282,3498492991.0
2024-11-11,2.25,2.35,2.249,2.349,3186116488.0
2024-11-12,2.365,2.402,2.316,2.345,3223053432.0
2024-11-13,2.325,2.381,2.3,2.372,2853985135.0
2024-11-14,2.37,2.372,2.285,2.288,2166119864.0
2024-11-15,2.276,2.294,2.201,2.204,2724669211.0
2024-11-18,2.205,2.219,2.132,2.149,2860946863.0
2024-11-19,2.155,2.219,2.132,2.215,3152990214.0
2024-11-20,2.201,2.24,2.195,2.223,2395697876.0
2024-11-21,2.213,2.237,2.206,2.223,1552623895.0
2024-11-22,2.218,2.226,2.133,2.136,2025684308.0
2024-11-25,2.14,2.151,2.1,2.132,1994601712.0
2024-11-26,2.122,2.146,2.107,2.109,1388130768.0
2024-11-27,2.1,2.167,2.079,2.165,2381260478.0
2024-11-28,2.162,2.165,2.124,2.128,1581214159.0
2024-11-29,2.122,2.221,2.12,2.179,3069830207.0
2024-12-02,2.172,2.218,2.166,2.211,2074856913.0
2024-12-03,2.211,2.219,2.182,2.198,1591681412.0
2024-12-04,2.195,2.203,2.161,2.17,1408311822.0
2024-12-05,2.167,2.195,2.163,2.177,1088127980.0
2024-12-06,2.18,2.247,2.17,2.224,2590327932.0
2024-12-09,2.219,2.23,2.185,2.206,1491824413.0
2024-12-10,2.32,2.32,2.214,2.221,3532884251.0
2024-12-11,2.215,2.235,2.209,2.218,1440691244.0
2024-12-12,2.217,2.258,2.212,2.248,1910954845.0
2024-12-13,2.231,2.233,2.19,2.193,1780555011.0
2024-12-16,2.19,2.192,2.148,2.158,1255253661.0
2024-12-17,2.156,2.189,2.153,2.159,1695995491.0
2024-12-18,2.167,2.173,2.15,2.158,1073433814.0
2024-12-19,2.137,2.178,2.132,2.171,1448207591.0
2024-12-20,2.166,2.19,2.157,2.169,1255558193.0
2024-12-23,2.163,2.18,2.142,2.147,1300841400.0
2024-12-24,2.148,2.172,2.143,2.17,1558187982.0
2024-12-25,2.173,2.175,2.144,2.156,1159452844.0
2024-12-26,2.16,2.176,2.152,2.166,1065508375.0
2024-12-27,2.166,2.192,2.154,2.163,1482658799.0
2024-12-30,2.158,2.174,2.155,2.165,1020296318.0
2024-12-31,2.162,2.165,2.101,2.102,1904747573.0
2025-01-02,2.096,2.097,2.0,2.019,2299909269.0
2025-01-03,2.02,2.027,1.976,1.978,2016672390.0
2025-01-06,1.978,1.994,1.962,1.976,1679476900.0
2025-01-07,1.965,1.99,1.951,1.99,1695431321.0
2025-01-08,1.975,1.99,1.925,1.968,2279532895.0
2025-01-09,1.956,1.985,1.954,1.971,1352568136.0
2025-01-10,1.967,1.983,1.938,1.938,1206162209.0
2025-01-13,1.916,1.959,1.916,1.942,1351760825.0
2025-01-14,1.95,2.037,1.942,2.036,2836315455.0
2025-01-15,2.022,2.025,1.992,1.999,1750519097.0
2025-01-16,2.009,2.044,1.99,2.01,1933073844.0
2025-01-17,1.999,2.043,1.998,2.026,1607214473.0
2025-01-20,2.047,2.077,2.046,2.062,1935127801.0
2025-01-21,2.081,2.083,2.048,2.07,1065999429.0
2025-01-22,2.063,2.069,2.041,2.059,1110611438.0
2025-01-23,2.082,2.11,2.052,2.052,1738134066.0
2025-01-24,2.045,2.092,2.044,2.084,1501141344.0
2025-01-27,2.086,2.087,2.028,2.028,1424693201.0
2025-02-05,2.043,2.047,2.016,2.024,1104967502.0
2025-02-06,2.022,2.082,2.017,2.08,1701774951.0
2025-02-07,2.08,2.159,2.08,2.131,2746998348.0
2025-02-10,2.14,2.147,2.114,2.142,1322839817.0
2025-02-11,2.141,2.142,2.11,2.113,1067453235.0
2025-02-12,2.107,2.154,2.101,2.15,1562336440.0
2025-02-13,2.145,2.163,2.133,2.135,1498365582.0
2025-02-14,2.134,2.181,2.132,2.174,2157786096.0
2025-02-17,2.198,2.2,2.166,2.182,1650052695.0
2025-02-18,2.178,2.19,2.131,2.14,1336311044.0
2025-02-19,2.136,2.186,2.133,2.185,1381906367.0
2025-02-20,2.179,2.191,2.161,2.184,1007331983.0
2025-02-21,2.185,2.242,2.185,2.239,1818252273.0
2025-02-24,2.232,2.24,2.201,2.221,1544732365.0
2025-02-25,2.189,2.222,2.185,2.197,1455833590.0
2025-02-26,2.199,2.225,2.19,2.223,1344108588.0
2025-02-27,2.224,2.237,2.183,2.212,1342483472.0
2025-02-28,2.197,2.198,2.123,2.128,1895179214.0
2025-03-03,2.133,2.189,2.12,2.154,2012943656.0
2025-03-04,2.131,2.151,2.12,2.149,1075561554.0
2025-03-05,2.147,2.159,2.131,2.149,958304531.0
2025-03-06,2.162,2.2,2.16,2.191,1763060623.0
2025-03-07,2.181,2.183,2.152,2.16,1259617935.0
2025-03-10,2.166,2.174,2.14,2.159,1057825706.0
2025-03-11,2.135,2.161,2.131,2.159,1109701187.0
2025-03-12,2.17,2.172,2.148,2.149,1044119531.0
2025-03-13,2.146,2.158,2.113,2.125,1114060701.0
2025-03-14,2.125,2.19,2.12,2.186,1964722065.0
2025-03-17,2.188,2.191,2.169,2.173,1018689200.0
2025-03-18,2.182,2.201,2.173,2.185,1116734054.0
2025-03-19,2.181,2.195,2.166,2.178,956447233.0
2025-03-20,2.178,2.18,2.155,2.158,874402155.0
2025-03-21,2.153,2.159,2.108,2.112,1421201720.0
2025-03-24,2.11,2.118,2.084,2.112,942742271.0
2025-03-25,2.112,2.123,2.094,2.105,933635170.0
2025-03-26,2.1,2.117,2.097,2.098,883948452.0
2025-03-27,2.093,2.125,2.076,2.103,934864047.0
2025-03-28,2.101,2.112,2.087,2.089,816200600.0
2025-03-31,2.079,2.083,2.047,2.064,1231822143.0
2025-04-01,2.067,2.087,2.06,2.062,930483877.0
2025-04-02,2.062,2.081,2.057,2.064,730318817.0
2025-04-03,2.042,2.057,2.018,2.027,1562642278.0
2025-04-07,1.93,1.931,1.721,1.775,6950586760.0
2025-04-08,1.792,1.844,1.777,1.804,2929732212.0
2025-04-09,1.762,1.838,1.743,1.823,3192985707.0
2025-04-10,1.88,1.908,1.86,1.863,2909461825.0
2025-04-11,1.845,1.907,1.844,1.892,1860534888.0
2025-04-14,1.915,1.919,1.892,1.895,1303328059.0
2025-04-15,1.895,1.903,1.881,1.893,994336404.0
2025-04-16,1.885,1.885,1.844,1.87,1728180934.0
2025-04-17,1.859,1.887,1.856,1.873,1108408392.0
2025-04-18,1.865,1.881,1.862,1.878,888856981.0
2025-04-21,1.874,1.91,1.865,1.908,1228790651.0
2025-04-22,1.903,1.911,1.895,1.899,868982666.0
2025-04-23,1.917,1.933,1.906,1.919,1517964084.0
2025-04-24,1.916,1.929,1.902,1.907,1220739638.0
2025-04-25,1.913,1.932,1.908,1.92,1202452000.0
2025-04-28,1.918,1.921,1.901,1.906,699126100.0
2025-04-29,1.902,1.912,1.895,1.903,679507027.0
2025-04-30,1.905,1.926,1.904,1.921,1065559528.0
2025-05-06,1.936,1.959,1.935,1.958,1039514455.0
2025-05-07,1.995,2.007,1.953,1.967,1734873221.0
2025-05-08,1.963,2.006,1.961,2.001,1580404668.0
2025-05-09,2.0,2.001,1.975,1.984,820913201.0
2025-05-12,2.013,2.037,2.007,2.037,1558494886.0
2025-05-13,2.062,2.065,2.027,2.03,1095212169.0
2025-05-14,2.032,2.074,2.021,2.054,1221065338.0
2025-05-15,2.046,2.047,2.012,2.012,853339514.0
2025-05-16,2.006,2.02,2.005,2.008,594697516.0
2025-05-19,2.006,2.008,1.988,2.002,737994990.0
2025-05-20,2.009,2.031,1.997,2.018,784444646.0
2025-05-21,2.02,2.047,2.019,2.034,1024128512.0
2025-05-22,2.036,2.037,2.014,2.016,561539403.0
2025-05-23,2.015,2.03,1.994,1.994,727237904.0
2025-05-26,1.99,1.997,1.965,1.977,753296212.0
2025-05-27,1.976,1.976,1.957,1.967,746429114.0
2025-05-28,1.969,1.975,1.956,1.959,719516754.0
2025-05-29,1.962,1.991,1.961,1.989,934137946.0
2025-05-30,1.98,1.98,1.963,1.972,661225455.0
2025-06-03,1.961,1.987,1.96,1.977,575877829.0
2025-06-04,1.983,2.006,1.982,2.0,738909333.0
2025-06-05,2.001,2.029,1.989,2.023,808452949.0
2025-06-06,2.022,2.027,2.01,2.017,514750401.0
2025-06-09,2.02,2.051,2.02,2.034,844534684.0
2025-06-10,2.034,2.041,1.999,2.012,938502285.0
2025-06-11,2.016,2.053,2.016,2.038,873272046.0
2025-06-12,2.033,2.052,2.027,2.04,612476040.0
2025-06-13,2.033,2.042,2.015,2.02,730211530.0
2025-06-16,2.019,2.039,2.016,2.037,497644794.0
2025-06-17,2.04,2.041,2.023,2.028,425257474.0
2025-06-18,2.027,2.038,2.017,2.034,493112727.0
2025-06-19,2.028,2.036,2.0,2.005,698947902.0
2025-06-20,2.005,2.015,1.987,1.988,592674400.0
2025-06-23,1.98,2.001,1.975,1.998,606865720.0
2025-06-24,2.004,2.044,2.003,2.044,1238842943.0
2025-06-25,2.05,2.113,2.05,2.109,1638197267.0
2025-06-26,2.109,2.121,2.092,2.093,1104073901.0
2025-06-27,2.1,2.125,2.091,2.101,1132678036.0
2025-06-30,2.11,2.134,2.106,2.133,1063413134.0
2025-07-01,2.128,2.131,2.112,2.126,675800751.0
2025-07-02,2.123,2.123,2.097,2.104,686930771.0
2025-07-03,2.11,2.147,2.108,2.141,1043751582.0
2025-07-04,2.141,2.167,2.131,2.133,1077084673.0
2025-07-07,2.126,2.134,2.106,2.11,763151365.0
2025-07-08,2.109,2.161,2.107,2.159,1259122742.0
2025-07-09,2.157,2.183,2.155,2.163,1122364524.0
2025-07-10,2.17,2.179,2.153,2.169,845535637.0
2025-07-11,2.169,2.202,2.159,2.185,1141929926.0
2025-07-14,2.18,2.187,2.167,2.177,666132475.0
2025-07-15,2.184,2.223,2.184,2.212,1427317746.0
2025-07-16,2.217,2.237,2.205,2.206,801457056.0
2025-07-17,2.205,2.247,2.204,2.247,961569362.0
2025-07-18,2.256,2.274,2.241,2.252,944040957.0
2025-07-21,2.258,2.275,2.251,2.275,991144198.0
2025-07-22,2.274,2.291,2.267,2.289,1078462481.0
2025-07-23,2.288,2.31,2.281,2.287,1233562231.0
2025-07-24,2.297,2.325,2.291,2.325,1034695230.0
2025-07-25,2.326,2.326,2.308,2.318,761029232.0
2025-07-28,2.322,2.344,2.311,2.342,864799530.0
2025-07-29,2.338,2.384,2.332,2.383,1042305253.0
2025-07-30,2.378,2.378,2.325,2.345,1795294339.0
2025-07-31,2.354,2.37,2.299,2.301,1980383619.0
2025-08-01,2.296,2.324,2.281,2.303,1137125338.0
2025-08-04,2.285,2.313,2.282,2.313,765103895.0
2025-08-05,2.326,2.328,2.3,2.32,1046431524.0
2025-08-06,2.314,2.338,2.312,2.336,869174240.0
2025-08-07,2.338,2.35,2.3,2.32,1103568855.0
2025-08-08,2.314,2.331,2.307,2.312,746176413.0
2025-08-11,2.317,2.362,2.312,2.357,1159751841.0
2025-08-12,2.358,2.385,2.345,2.385,1112049474.0
2025-08-13,2.395,2.475,2.391,2.473,1897685098.0
2025-08-14,2.473,2.489,2.438,2.446,1489282660.0
2025-08-15,2.435,2.518,2.435,2.509,1427117283.0
2025-08-18,2.52,2.608,2.504,2.582,2296931519.0
2025-08-19,2.575,2.61,2.561,2.575,1635409032.0
2025-08-20,2.551,2.588,2.524,2.588,2059444126.0
2025-08-21,2.589,2.605,2.558,2.572,1882804391.0
2025-08-22,2.566,2.663,2.563,2.662,2165908940.0
2025-08-25,2.693,2.76,2.675,2.737,2751414023.0
2025-08-26,2.727,2.75,2.702,2.716,2091832159.0
2025-08-27,2.716,2.796,2.696,2.696,2943477589.0
2025-08-28,2.68,2.807,2.677,2.806,2682020771.0
2025-08-29,2.799,2.909,2.78,2.865,2476060762.0
2025-09-01,2.88,2.932,2.859,2.927,2064101171.0
2025-09-02,2.922,2.954,2.815,2.848,3020220527.0
2025-09-03,2.852,2.899,2.832,2.87,2918703247.0
2025-09-04,2.899,2.93,2.716,2.751,3504601930.0
2025-09-05,2.75,2.947,2.749,2.944,2742078899.0
2025-09-08,2.946,2.951,2.856,2.908,2496878153.0
2025-09-09,2.866,2.898,2.818,2.845,1704675452.0
2025-09-10,2.857,2.9,2.833,2.875,1859579380.0
2025-09-11,2.883,3.027,2.871,3.025,2629737283.0
2025-09-12,3.01,3.033,2.982,2.995,2125362296.0
2025-09-15,3.006,3.08,3.006,3.037,1713662026.0
2025-09-16,3.039,3.064,2.993,3.059,1888634980.0
2025-09-17,3.055,3.125,3.036,3.119,1668757276.0
2025-09-18,3.115,3.141,3.024,3.067,2719063197.0
2025-09-19,3.067,3.101,3.046,3.062,1712231771.0
2025-09-22,3.068,3.082,3.026,3.082,1382078742.0
2025-09-23,3.115,3.13,3.015,3.093,2232003421.0
2025-09-24,3.063,3.162,3.061,3.16,1944989513.0
2025-09-25,3.15,3.24,3.134,3.211,1625732422.0
2025-09-26,3.193,3.226,3.126,3.129,1692755881.0
2025-09-29,3.126,3.233,3.126,3.213,1632847130.0
2025-09-30,3.221,3.254,3.194,3.217,1240171175.0
2025-10-09,3.217,3.297,3.217,3.235,1743566568.0
2025-10-10,3.201,3.217,3.072,3.095,2227643125.0
2025-10-13,2.952,3.073,2.951,3.054,2223548267.0